oldProductId,productNo,productName,sourceCategoryName,sourceSubcategoryName,categoryId,categoryName,subcategoryId,subcategoryName,categoryConfidence,categoryReason,needsCategoryReview,activityCategoryIds,activityCategoryNames
12501,01226,原味夏威夷果,限時優惠快閃區,限時優惠快閃區,nuts,堅果/果乾,nuts-mixed,堅果,0.94,原始分類為「限時優惠快閃區 / 限時優惠快閃區」，商品名稱含堅果品項關鍵字,false,activity-flash,限時優惠快閃區
12900,01227,玫瑰鹽三珍果,限時優惠快閃區,限時優惠快閃區,nuts,堅果/果乾,nuts-mixed,堅果,0.94,原始分類為「限時優惠快閃區 / 限時優惠快閃區」，商品名稱含堅果品項關鍵字,false,activity-flash,限時優惠快閃區
11840,01228,玫瑰鹽腰果,限時優惠快閃區,限時優惠快閃區,nuts,堅果/果乾,nuts-mixed,堅果,0.94,原始分類為「限時優惠快閃區 / 限時優惠快閃區」，商品名稱含堅果品項關鍵字,false,activity-flash,限時優惠快閃區
12901,01229,原味胡桃,限時優惠快閃區,限時優惠快閃區,nuts,堅果/果乾,nuts-mixed,堅果,0.94,原始分類為「限時優惠快閃區 / 限時優惠快閃區」，商品名稱含堅果品項關鍵字,false,activity-flash,限時優惠快閃區
12898,01269,珍饌四果,限時優惠快閃區,限時優惠快閃區,nuts,堅果/果乾,nuts-mixed,堅果,0.94,原始分類為「限時優惠快閃區 / 限時優惠快閃區」，商品名稱含堅果品項關鍵字,false,activity-flash,限時優惠快閃區
12899,01270,楓糖腰果,限時優惠快閃區,限時優惠快閃區,nuts,堅果/果乾,nuts-mixed,堅果,0.94,原始分類為「限時優惠快閃區 / 限時優惠快閃區」，商品名稱含堅果品項關鍵字,false,activity-flash,限時優惠快閃區
12877,01157,果然優蜜棗乾(罐),限時優惠快閃區,限時優惠快閃區,nuts,堅果/果乾,nuts-dried-fruits,果乾,0.92,原始分類為「限時優惠快閃區 / 限時優惠快閃區」，商品名稱含果乾、栗子、紅棗或枸杞關鍵字,false,activity-flash,限時優惠快閃區
12823,23240,Coco dee Salam 椰子水(6件組),限時優惠快閃區,限時優惠快閃區,beverage,即飲/沖泡,beverage-ready,即飲,0.92,原始分類為「限時優惠快閃區 / 限時優惠快閃區」，商品名稱含即飲或箱裝飲品關鍵字,false,activity-flash,限時優惠快閃區
12808,08329,智利鮭魚輪切M(250g)(商品效期2026/10/01),限時優惠快閃區,限時優惠快閃區,frozen,冷凍食材,frozen-seafood,安心水產,0.95,原始分類為「限時優惠快閃區 / 限時優惠快閃區」，商品名稱含水產或海鮮食材關鍵字,false,activity-flash,限時優惠快閃區
12677,17048,有機枸杞原汁(10件組),限時優惠快閃區,限時優惠快閃區,elderly,銀髮專區,elderly-drinks,喝的保養,0.9,原始分類為「限時優惠快閃區 / 限時優惠快閃區」，商品名稱屬於喝的營養補給品,false,activity-flash,限時優惠快閃區
11522,26354,淨．益生菌,限時優惠快閃區,限時優惠快閃區,supplements,保健食品,,,0.88,原始分類為「限時優惠快閃區 / 限時優惠快閃區」，商品名稱含保健食品或營養補給關鍵字,false,activity-flash,限時優惠快閃區
11892,22097,葵花籽油,限時優惠快閃區,限時優惠快閃區,pantry,廚房料理品,pantry-oil,油品,0.92,原始分類為「限時優惠快閃區 / 限時優惠快閃區」，商品名稱含油品關鍵字,false,activity-flash,限時優惠快閃區
12783,17007,豬肉鬆,限時優惠快閃區,限時優惠快閃區,snacks,樂活零嘴,,,0.82,原始分類為「限時優惠快閃區 / 限時優惠快閃區」，商品名稱屬於零嘴、餅乾或點心,false,activity-flash,限時優惠快閃區
12826,01175,藍莓乾(2件組),限時優惠快閃區,限時優惠快閃區,nuts,堅果/果乾,nuts-dried-fruits,果乾,0.92,原始分類為「限時優惠快閃區 / 限時優惠快閃區」，商品名稱含果乾、栗子、紅棗或枸杞關鍵字,false,activity-flash,限時優惠快閃區
12655,01176,葡萄乾(袋)(2件組),限時優惠快閃區,限時優惠快閃區,nuts,堅果/果乾,nuts-dried-fruits,果乾,0.92,原始分類為「限時優惠快閃區 / 限時優惠快閃區」，商品名稱含果乾、栗子、紅棗或枸杞關鍵字,false,activity-flash,限時優惠快閃區
12855,01254,加州葡萄乾220公克(2件組),限時優惠快閃區,限時優惠快閃區,nuts,堅果/果乾,nuts-dried-fruits,果乾,0.92,原始分類為「限時優惠快閃區 / 限時優惠快閃區」，商品名稱含果乾、栗子、紅棗或枸杞關鍵字,false,activity-flash,限時優惠快閃區
12853,01180,蔓越莓乾(袋)(2件組),限時優惠快閃區,限時優惠快閃區,nuts,堅果/果乾,nuts-dried-fruits,果乾,0.92,原始分類為「限時優惠快閃區 / 限時優惠快閃區」，商品名稱含果乾、栗子、紅棗或枸杞關鍵字,false,activity-flash,限時優惠快閃區
12854,01182,整顆蔓越莓乾(袋)(2件組),限時優惠快閃區,限時優惠快閃區,nuts,堅果/果乾,nuts-dried-fruits,果乾,0.92,原始分類為「限時優惠快閃區 / 限時優惠快閃區」，商品名稱含果乾、栗子、紅棗或枸杞關鍵字,false,activity-flash,限時優惠快閃區
12529,01178,蜜棗乾(袋)(2件組),限時優惠快閃區,限時優惠快閃區,nuts,堅果/果乾,nuts-dried-fruits,果乾,0.92,原始分類為「限時優惠快閃區 / 限時優惠快閃區」，商品名稱含果乾、栗子、紅棗或枸杞關鍵字,false,activity-flash,限時優惠快閃區
12620,55143,鮮奶小饅頭,限時優惠快閃區,限時優惠快閃區,snacks,樂活零嘴,,,0.82,原始分類為「限時優惠快閃區 / 限時優惠快閃區」，商品名稱屬於零嘴、餅乾或點心,false,activity-flash,限時優惠快閃區
12502,18052,甘栗(70G)(10件組),限時優惠快閃區,限時優惠快閃區,nuts,堅果/果乾,nuts-dried-fruits,果乾,0.92,原始分類為「限時優惠快閃區 / 限時優惠快閃區」，商品名稱含果乾、栗子、紅棗或枸杞關鍵字,false,activity-flash,限時優惠快閃區
12506,17002,有機枸杞(3件組)(超取免運),限時優惠快閃區,限時優惠快閃區,nuts,堅果/果乾,nuts-dried-fruits,果乾,0.92,原始分類為「限時優惠快閃區 / 限時優惠快閃區」，商品名稱含果乾、栗子、紅棗或枸杞關鍵字,false,activity-flash,限時優惠快閃區
12472,17020,有機大紅棗(3件組)(超取免運),限時優惠快閃區,限時優惠快閃區,nuts,堅果/果乾,nuts-dried-fruits,果乾,0.92,原始分類為「限時優惠快閃區 / 限時優惠快閃區」，商品名稱含果乾、栗子、紅棗或枸杞關鍵字,false,activity-flash,限時優惠快閃區
12672,1700212,有機枸杞(2件)+有機大紅棗(2件),限時優惠快閃區,限時優惠快閃區,nuts,堅果/果乾,nuts-dried-fruits,果乾,0.92,原始分類為「限時優惠快閃區 / 限時優惠快閃區」，商品名稱含果乾、栗子、紅棗或枸杞關鍵字,false,activity-flash,限時優惠快閃區
12806,08298,蔥油土雞腿(3件組),限時優惠快閃區,限時優惠快閃區,frozen,冷凍食材,frozen-ready,即食調理,0.9,原始分類為「限時優惠快閃區 / 限時優惠快閃區」，商品名稱或配送資訊顯示為冷凍食材/調理品,false,activity-flash,限時優惠快閃區
12805,08004,豬梅花火鍋肉片(6件組),限時優惠快閃區,限時優惠快閃區,frozen,冷凍食材,frozen-ready,即食調理,0.9,原始分類為「限時優惠快閃區 / 限時優惠快閃區」，商品名稱或配送資訊顯示為冷凍食材/調理品,false,activity-flash,限時優惠快閃區
12804,08334,藻晨雞(雞腿切塊)(6件組),限時優惠快閃區,限時優惠快閃區,frozen,冷凍食材,frozen-ready,即食調理,0.9,原始分類為「限時優惠快閃區 / 限時優惠快閃區」，商品名稱或配送資訊顯示為冷凍食材/調理品,false,activity-flash,限時優惠快閃區
12803,08335,藻晨雞(去骨雞腿)(6件組),限時優惠快閃區,限時優惠快閃區,frozen,冷凍食材,frozen-ready,即食調理,0.9,原始分類為「限時優惠快閃區 / 限時優惠快閃區」，商品名稱或配送資訊顯示為冷凍食材/調理品,false,activity-flash,限時優惠快閃區
12802,08080,金目鱸魚片(6件組),限時優惠快閃區,限時優惠快閃區,frozen,冷凍食材,frozen-seafood,安心水產,0.95,原始分類為「限時優惠快閃區 / 限時優惠快閃區」，商品名稱含水產或海鮮食材關鍵字,false,activity-flash,限時優惠快閃區
12801,08331,鹽漬鯖魚片(6件組),限時優惠快閃區,限時優惠快閃區,frozen,冷凍食材,frozen-seafood,安心水產,0.95,原始分類為「限時優惠快閃區 / 限時優惠快閃區」，商品名稱含水產或海鮮食材關鍵字,false,activity-flash,限時優惠快閃區
12800,08318,大比目魚(扁鱈)中段(6件組),限時優惠快閃區,限時優惠快閃區,frozen,冷凍食材,frozen-seafood,安心水產,0.95,原始分類為「限時優惠快閃區 / 限時優惠快閃區」，商品名稱含水產或海鮮食材關鍵字,false,activity-flash,限時優惠快閃區
12799,08188,台灣鯛魚片(S)(6件組),限時優惠快閃區,限時優惠快閃區,frozen,冷凍食材,frozen-seafood,安心水產,0.95,原始分類為「限時優惠快閃區 / 限時優惠快閃區」，商品名稱含水產或海鮮食材關鍵字,false,activity-flash,限時優惠快閃區
12081,22094,冷壓初榨橄欖油,地中海飲食推薦,地中海飲食推薦,pantry,廚房料理品,pantry-oil,油品,0.92,原始分類為「地中海飲食推薦 / 地中海飲食推薦」，商品名稱含油品關鍵字,false,activity-mediterranean,地中海飲食推薦
12082,01151,果然優綜合堅果,地中海飲食推薦,地中海飲食推薦,nuts,堅果/果乾,nuts-mixed,堅果,0.94,原始分類為「地中海飲食推薦 / 地中海飲食推薦」，商品名稱含堅果品項關鍵字,false,activity-mediterranean,地中海飲食推薦
12083,02058,有機糙米,地中海飲食推薦,地中海飲食推薦,grains,主食雜糧,grains-rice,米,0.9,原始分類為「地中海飲食推薦 / 地中海飲食推薦」，商品名稱含米類關鍵字,false,activity-mediterranean,地中海飲食推薦
12084,02152,有機大燕麥片(400g),地中海飲食推薦,地中海飲食推薦,grains,主食雜糧,grains-cereal,雜糧,0.88,原始分類為「地中海飲食推薦 / 地中海飲食推薦」，商品名稱含燕麥或雜糧關鍵字,false,activity-mediterranean,地中海飲食推薦
12085,02138,有機三色藜麥(300G),地中海飲食推薦,地中海飲食推薦,grains,主食雜糧,grains-cereal,雜糧,0.88,原始分類為「地中海飲食推薦 / 地中海飲食推薦」，商品名稱含燕麥或雜糧關鍵字,false,activity-mediterranean,地中海飲食推薦
12086,04060,有機綠豆(380G),地中海飲食推薦,地中海飲食推薦,grains,主食雜糧,grains-beans,豆類,0.9,原始分類為「地中海飲食推薦 / 地中海飲食推薦」，商品名稱含豆類關鍵字,false,activity-mediterranean,地中海飲食推薦
12087,08339,智利鮭魚輪切(L)(300g),地中海飲食推薦,地中海飲食推薦,frozen,冷凍食材,frozen-seafood,安心水產,0.95,原始分類為「地中海飲食推薦 / 地中海飲食推薦」，商品名稱含水產或海鮮食材關鍵字,false,activity-mediterranean,地中海飲食推薦
12093,08331,鹽漬鯖魚片,地中海飲食推薦,地中海飲食推薦,frozen,冷凍食材,frozen-seafood,安心水產,0.95,原始分類為「地中海飲食推薦 / 地中海飲食推薦」，商品名稱含水產或海鮮食材關鍵字,false,activity-mediterranean,地中海飲食推薦
11287,08079,白蝦(台灣養殖),地中海飲食推薦,地中海飲食推薦,frozen,冷凍食材,frozen-seafood,安心水產,0.95,原始分類為「地中海飲食推薦 / 地中海飲食推薦」，商品名稱含水產或海鮮食材關鍵字,false,activity-mediterranean,地中海飲食推薦
12088,08336,藻晨雞(雞胸),地中海飲食推薦,地中海飲食推薦,frozen,冷凍食材,frozen-ready,即食調理,0.9,原始分類為「地中海飲食推薦 / 地中海飲食推薦」，商品名稱或配送資訊顯示為冷凍食材/調理品,false,activity-mediterranean,地中海飲食推薦
12089,08295,瓜瓜園 冰烤蕃薯,地中海飲食推薦,地中海飲食推薦,frozen,冷凍食材,frozen-vegetarian,蔬食,0.82,原始分類為「地中海飲食推薦 / 地中海飲食推薦」，商品名稱或配送資訊顯示為冷凍蔬果/蔬食,false,activity-mediterranean,地中海飲食推薦
12091,55164,祥亮 冷凍青花菜(1Kg/袋),地中海飲食推薦,地中海飲食推薦,frozen,冷凍食材,frozen-vegetarian,蔬食,0.82,原始分類為「地中海飲食推薦 / 地中海飲食推薦」，商品名稱或配送資訊顯示為冷凍蔬果/蔬食,false,activity-mediterranean,地中海飲食推薦
12092,55200,天時莓果-冷凍野生藍莓,地中海飲食推薦,地中海飲食推薦,frozen,冷凍食材,frozen-vegetarian,蔬食,0.82,原始分類為「地中海飲食推薦 / 地中海飲食推薦」，商品名稱或配送資訊顯示為冷凍蔬果/蔬食,false,activity-mediterranean,地中海飲食推薦
11869,02152,有機大燕麥片(400g),隔夜燕麥片專區,隔夜燕麥片專區,grains,主食雜糧,grains-cereal,雜糧,0.88,原始分類為「隔夜燕麥片專區 / 隔夜燕麥片專區」，商品名稱含燕麥或雜糧關鍵字,false,activity-overnight-oats,隔夜燕麥片專區
12815,02153,有機細燕麥片(400g),隔夜燕麥片專區,隔夜燕麥片專區,grains,主食雜糧,grains-cereal,雜糧,0.88,原始分類為「隔夜燕麥片專區 / 隔夜燕麥片專區」，商品名稱含燕麥或雜糧關鍵字,false,activity-overnight-oats,隔夜燕麥片專區
12904,02135,脆穀優果麥片-經典優果,隔夜燕麥片專區,隔夜燕麥片專區,grains,主食雜糧,grains-cereal,雜糧,0.88,原始分類為「隔夜燕麥片專區 / 隔夜燕麥片專區」，商品名稱含燕麥或雜糧關鍵字,false,activity-overnight-oats,隔夜燕麥片專區
12903,02136,脆穀優果麥片-香甜紫藷,隔夜燕麥片專區,隔夜燕麥片專區,grains,主食雜糧,grains-cereal,雜糧,0.88,原始分類為「隔夜燕麥片專區 / 隔夜燕麥片專區」，商品名稱含燕麥或雜糧關鍵字,false,activity-overnight-oats,隔夜燕麥片專區
12902,021352,脆穀優果麥片經典優果+香甜紫藷兩件組,隔夜燕麥片專區,隔夜燕麥片專區,grains,主食雜糧,grains-cereal,雜糧,0.88,原始分類為「隔夜燕麥片專區 / 隔夜燕麥片專區」，商品名稱含燕麥或雜糧關鍵字,false,activity-overnight-oats,隔夜燕麥片專區
12097,24911,有機無加糖豆漿(箱)免運,隔夜燕麥片專區,隔夜燕麥片專區,beverage,即飲/沖泡,beverage-ready,即飲,0.92,原始分類為「隔夜燕麥片專區 / 隔夜燕麥片專區」，商品名稱含即飲或箱裝飲品關鍵字,false,activity-overnight-oats,隔夜燕麥片專區
9545,01151,果然優綜合堅果,隔夜燕麥片專區,隔夜燕麥片專區,nuts,堅果/果乾,nuts-mixed,堅果,0.94,原始分類為「隔夜燕麥片專區 / 隔夜燕麥片專區」，商品名稱含堅果品項關鍵字,false,activity-overnight-oats,隔夜燕麥片專區
11866,01161,果然優全堅果,隔夜燕麥片專區,隔夜燕麥片專區,nuts,堅果/果乾,nuts-mixed,堅果,0.94,原始分類為「隔夜燕麥片專區 / 隔夜燕麥片專區」，商品名稱含堅果品項關鍵字,false,activity-overnight-oats,隔夜燕麥片專區
11872,01194,果然優杏仁,隔夜燕麥片專區,隔夜燕麥片專區,nuts,堅果/果乾,nuts-mixed,堅果,0.94,原始分類為「隔夜燕麥片專區 / 隔夜燕麥片專區」，商品名稱含堅果品項關鍵字,false,activity-overnight-oats,隔夜燕麥片專區
11873,01195,果然優腰果,隔夜燕麥片專區,隔夜燕麥片專區,nuts,堅果/果乾,nuts-mixed,堅果,0.94,原始分類為「隔夜燕麥片專區 / 隔夜燕麥片專區」，商品名稱含堅果品項關鍵字,false,activity-overnight-oats,隔夜燕麥片專區
11867,01205,無調味綜合堅果隨手包,隔夜燕麥片專區,隔夜燕麥片專區,nuts,堅果/果乾,nuts-mixed,堅果,0.94,原始分類為「隔夜燕麥片專區 / 隔夜燕麥片專區」，商品名稱含堅果品項關鍵字,false,activity-overnight-oats,隔夜燕麥片專區
11868,01210,原味綜合堅果隨手包,隔夜燕麥片專區,隔夜燕麥片專區,nuts,堅果/果乾,nuts-mixed,堅果,0.94,原始分類為「隔夜燕麥片專區 / 隔夜燕麥片專區」，商品名稱含堅果品項關鍵字,false,activity-overnight-oats,隔夜燕麥片專區
12879,01176,葡萄乾(袋),隔夜燕麥片專區,隔夜燕麥片專區,nuts,堅果/果乾,nuts-dried-fruits,果乾,0.92,原始分類為「隔夜燕麥片專區 / 隔夜燕麥片專區」，商品名稱含果乾、栗子、紅棗或枸杞關鍵字,false,activity-overnight-oats,隔夜燕麥片專區
11871,01180,蔓越莓乾(袋),隔夜燕麥片專區,隔夜燕麥片專區,nuts,堅果/果乾,nuts-dried-fruits,果乾,0.92,原始分類為「隔夜燕麥片專區 / 隔夜燕麥片專區」，商品名稱含果乾、栗子、紅棗或枸杞關鍵字,false,activity-overnight-oats,隔夜燕麥片專區
11870,01175,藍莓乾,隔夜燕麥片專區,隔夜燕麥片專區,nuts,堅果/果乾,nuts-dried-fruits,果乾,0.92,原始分類為「隔夜燕麥片專區 / 隔夜燕麥片專區」，商品名稱含果乾、栗子、紅棗或枸杞關鍵字,false,activity-overnight-oats,隔夜燕麥片專區
11863,02139,有機奇亞籽,隔夜燕麥片專區,隔夜燕麥片專區,grains,主食雜糧,grains-cereal,雜糧,0.88,原始分類為「隔夜燕麥片專區 / 隔夜燕麥片專區」，商品名稱含燕麥或雜糧關鍵字,false,activity-overnight-oats,隔夜燕麥片專區
12816,03017,小麥胚芽,隔夜燕麥片專區,隔夜燕麥片專區,grains,主食雜糧,grains-cereal,雜糧,0.88,原始分類為「隔夜燕麥片專區 / 隔夜燕麥片專區」，商品名稱含燕麥或雜糧關鍵字,false,activity-overnight-oats,隔夜燕麥片專區
12817,20005,高鈣黑芝麻粉,隔夜燕麥片專區,隔夜燕麥片專區,snacks,樂活零嘴,,,0.82,原始分類為「隔夜燕麥片專區 / 隔夜燕麥片專區」，商品名稱屬於零嘴、餅乾或點心,false,activity-overnight-oats,隔夜燕麥片專區
12849,55143,鮮奶小饅頭,特惠專區,買1送1必買區,snacks,樂活零嘴,,,0.82,原始分類為「特惠專區 / 買1送1必買區」，商品名稱屬於零嘴、餅乾或點心,false,"activity-buy-one-get-one,activity-promo","買1送1必買區,特惠專區"
12848,26354,淨．益生菌,特惠專區,買1送1必買區,supplements,保健食品,,,0.88,原始分類為「特惠專區 / 買1送1必買區」，商品名稱含保健食品或營養補給關鍵字,false,"activity-buy-one-get-one,activity-promo","買1送1必買區,特惠專區"
12847,22097,葵花籽油,特惠專區,買1送1必買區,pantry,廚房料理品,pantry-oil,油品,0.92,原始分類為「特惠專區 / 買1送1必買區」，商品名稱含油品關鍵字,false,"activity-buy-one-get-one,activity-promo","買1送1必買區,特惠專區"
12846,03082,有機寬麵,特惠專區,買1送1必買區,grains,主食雜糧,grains-noodles,麵條,0.9,原始分類為「特惠專區 / 買1送1必買區」，商品名稱含麵條關鍵字,false,"activity-buy-one-get-one,activity-promo","買1送1必買區,特惠專區"
9434,01183,薑黃綜合堅果,特惠專區,買1送1必買區,nuts,堅果/果乾,nuts-mixed,堅果,0.94,原始分類為「特惠專區 / 買1送1必買區」，商品名稱含堅果品項關鍵字,false,"activity-buy-one-get-one,activity-promo","買1送1必買區,特惠專區"
9264,24270,有機高纖高鈣亞麻仁堅果粉(1組贈精美提袋x1),特惠專區,買1送1必買區,supplements,保健食品,,,0.88,原始分類為「特惠專區 / 買1送1必買區」，商品名稱含保健食品或營養補給關鍵字,false,"activity-buy-one-get-one,activity-promo","買1送1必買區,特惠專區"
9265,24280,葡萄糖胺黑穀芝麻粉(1組贈精美提袋x1),特惠專區,買1送1必買區,supplements,保健食品,,,0.88,原始分類為「特惠專區 / 買1送1必買區」，商品名稱含保健食品或營養補給關鍵字,false,"activity-buy-one-get-one,activity-promo","買1送1必買區,特惠專區"
9437,02152,有機大燕麥片(400g),特惠專區,買1送1必買區,grains,主食雜糧,grains-cereal,雜糧,0.88,原始分類為「特惠專區 / 買1送1必買區」，商品名稱含燕麥或雜糧關鍵字,false,"activity-buy-one-get-one,activity-promo","買1送1必買區,特惠專區"
9438,02153,有機細燕麥片(400g),特惠專區,買1送1必買區,grains,主食雜糧,grains-cereal,雜糧,0.88,原始分類為「特惠專區 / 買1送1必買區」，商品名稱含燕麥或雜糧關鍵字,false,"activity-buy-one-get-one,activity-promo","買1送1必買區,特惠專區"
9439,02154,有機粗燕麥片(400g),特惠專區,買1送1必買區,grains,主食雜糧,grains-cereal,雜糧,0.88,原始分類為「特惠專區 / 買1送1必買區」，商品名稱含燕麥或雜糧關鍵字,false,"activity-buy-one-get-one,activity-promo","買1送1必買區,特惠專區"
7014,02136,脆穀優果麥片-香甜紫藷,特惠專區,買1送1必買區,grains,主食雜糧,grains-cereal,雜糧,0.88,原始分類為「特惠專區 / 買1送1必買區」，商品名稱含燕麥或雜糧關鍵字,false,"activity-buy-one-get-one,activity-promo","買1送1必買區,特惠專區"
7013,02135,脆穀優果麥片-經典優果,特惠專區,買1送1必買區,grains,主食雜糧,grains-cereal,雜糧,0.88,原始分類為「特惠專區 / 買1送1必買區」，商品名稱含燕麥或雜糧關鍵字,false,"activity-buy-one-get-one,activity-promo","買1送1必買區,特惠專區"
6875,021352,脆穀優果麥片經典優果+香甜紫藷兩件組,特惠專區,買1送1必買區,grains,主食雜糧,grains-cereal,雜糧,0.88,原始分類為「特惠專區 / 買1送1必買區」，商品名稱含燕麥或雜糧關鍵字,false,"activity-buy-one-get-one,activity-promo","買1送1必買區,特惠專區"
7754,26320,淨暢乳酸菌PLUS雙寡糖,特惠專區,買1送1必買區,supplements,保健食品,,,0.88,原始分類為「特惠專區 / 買1送1必買區」，商品名稱含保健食品或營養補給關鍵字,false,"activity-buy-one-get-one,activity-promo","買1送1必買區,特惠專區"
12583,08158,雞高湯,特惠專區,買1送1必買區,pantry,廚房料理品,pantry-seasoning,調味品,0.92,原始分類為「特惠專區 / 買1送1必買區」，商品名稱含醋或料理調味關鍵字,false,"activity-buy-one-get-one,activity-promo","買1送1必買區,特惠專區"
10421,08339,智利鮭魚輪切(L)(300g),特惠專區,買1送1必買區,frozen,冷凍食材,frozen-seafood,安心水產,0.95,原始分類為「特惠專區 / 買1送1必買區」，商品名稱含水產或海鮮食材關鍵字,false,"activity-buy-one-get-one,activity-promo","買1送1必買區,特惠專區"
9050,17048,有機枸杞原汁(10件組),特惠專區,多件組優惠,elderly,銀髮專區,elderly-drinks,喝的保養,0.9,原始分類為「特惠專區 / 多件組優惠」，商品名稱屬於喝的營養補給品,false,"activity-bundle,activity-promo","多件組優惠,特惠專區"
12832,242501,Bragg有機蘋果醋 946ml/瓶(6件組),特惠專區,多件組優惠,pantry,廚房料理品,pantry-seasoning,調味品,0.92,原始分類為「特惠專區 / 多件組優惠」，商品名稱含醋或料理調味關鍵字,false,"activity-bundle,activity-promo","多件組優惠,特惠專區"
9923,242501,Bragg有機蘋果醋 946ml/瓶(3件組),特惠專區,多件組優惠,pantry,廚房料理品,pantry-seasoning,調味品,0.92,原始分類為「特惠專區 / 多件組優惠」，商品名稱含醋或料理調味關鍵字,false,"activity-bundle,activity-promo","多件組優惠,特惠專區"
12831,24811,有機燕麥豆漿(箱)(免運)(2件組),特惠專區,多件組優惠,beverage,即飲/沖泡,beverage-ready,即飲,0.92,原始分類為「特惠專區 / 多件組優惠」，商品名稱含即飲或箱裝飲品關鍵字,false,"activity-bundle,activity-promo","多件組優惠,特惠專區"
12830,25515,星米果-牛奶風味(6件組),特惠專區,多件組優惠,snacks,樂活零嘴,,,0.82,原始分類為「特惠專區 / 多件組優惠」，商品名稱屬於零嘴、餅乾或點心,false,"activity-bundle,activity-promo","多件組優惠,特惠專區"
12829,25865,海鹽檸檬糖25Ｇ(袋裝) 6件組,特惠專區,多件組優惠,snacks,樂活零嘴,,,0.82,原始分類為「特惠專區 / 多件組優惠」，商品名稱屬於零嘴、餅乾或點心,false,"activity-bundle,activity-promo","多件組優惠,特惠專區"
12828,23240,Coco dee Salam 椰子水(6件組),特惠專區,多件組優惠,beverage,即飲/沖泡,beverage-ready,即飲,0.92,原始分類為「特惠專區 / 多件組優惠」，商品名稱含即飲或箱裝飲品關鍵字,false,"activity-bundle,activity-promo","多件組優惠,特惠專區"
12790,24320,明日葉精力湯經濟分享包(2件組),特惠專區,多件組優惠,elderly,銀髮專區,elderly-drinks,喝的保養,0.9,原始分類為「特惠專區 / 多件組優惠」，商品名稱屬於喝的營養補給品,false,"activity-bundle,activity-promo","多件組優惠,特惠專區"
12754,08298,蔥油土雞腿(3件組),特惠專區,多件組優惠,frozen,冷凍食材,frozen-ready,即食調理,0.9,原始分類為「特惠專區 / 多件組優惠」，商品名稱或配送資訊顯示為冷凍食材/調理品,false,"activity-bundle,activity-promo","多件組優惠,特惠專區"
12753,08004,豬梅花火鍋肉片(6件組),特惠專區,多件組優惠,frozen,冷凍食材,frozen-ready,即食調理,0.9,原始分類為「特惠專區 / 多件組優惠」，商品名稱或配送資訊顯示為冷凍食材/調理品,false,"activity-bundle,activity-promo","多件組優惠,特惠專區"
12747,08334,藻晨雞(雞腿切塊)(6件組),特惠專區,多件組優惠,frozen,冷凍食材,frozen-ready,即食調理,0.9,原始分類為「特惠專區 / 多件組優惠」，商品名稱或配送資訊顯示為冷凍食材/調理品,false,"activity-bundle,activity-promo","多件組優惠,特惠專區"
12748,08335,藻晨雞(去骨雞腿)(6件組),特惠專區,多件組優惠,frozen,冷凍食材,frozen-ready,即食調理,0.9,原始分類為「特惠專區 / 多件組優惠」，商品名稱或配送資訊顯示為冷凍食材/調理品,false,"activity-bundle,activity-promo","多件組優惠,特惠專區"
12749,08080,金目鱸魚片(6件組),特惠專區,多件組優惠,frozen,冷凍食材,frozen-seafood,安心水產,0.95,原始分類為「特惠專區 / 多件組優惠」，商品名稱含水產或海鮮食材關鍵字,false,"activity-bundle,activity-promo","多件組優惠,特惠專區"
12752,08331,鹽漬鯖魚片(6件組),特惠專區,多件組優惠,frozen,冷凍食材,frozen-seafood,安心水產,0.95,原始分類為「特惠專區 / 多件組優惠」，商品名稱含水產或海鮮食材關鍵字,false,"activity-bundle,activity-promo","多件組優惠,特惠專區"
12750,08318,大比目魚(扁鱈)中段(6件組),特惠專區,多件組優惠,frozen,冷凍食材,frozen-seafood,安心水產,0.95,原始分類為「特惠專區 / 多件組優惠」，商品名稱含水產或海鮮食材關鍵字,false,"activity-bundle,activity-promo","多件組優惠,特惠專區"
12751,08188,台灣鯛魚片(S)(6件組),特惠專區,多件組優惠,frozen,冷凍食材,frozen-seafood,安心水產,0.95,原始分類為「特惠專區 / 多件組優惠」，商品名稱含水產或海鮮食材關鍵字,false,"activity-bundle,activity-promo","多件組優惠,特惠專區"
12488,01256,葡萄乾隨手包(6件組),特惠專區,多件組優惠,nuts,堅果/果乾,nuts-dried-fruits,果乾,0.92,原始分類為「特惠專區 / 多件組優惠」，商品名稱含果乾、栗子、紅棗或枸杞關鍵字,false,"activity-bundle,activity-promo","多件組優惠,特惠專區"
12487,01256,葡萄乾隨手包(12件組),特惠專區,多件組優惠,nuts,堅果/果乾,nuts-dried-fruits,果乾,0.92,原始分類為「特惠專區 / 多件組優惠」，商品名稱含果乾、栗子、紅棗或枸杞關鍵字,false,"activity-bundle,activity-promo","多件組優惠,特惠專區"
12134,08339,智利鮭魚輪切(L)(300g)(10件組),特惠專區,多件組優惠,frozen,冷凍食材,frozen-seafood,安心水產,0.95,原始分類為「特惠專區 / 多件組優惠」，商品名稱含水產或海鮮食材關鍵字,false,"activity-bundle,activity-promo","多件組優惠,特惠專區"
11717,08329,智利鮭魚輪切M(250g)(10件組)(商品效期2026/10/01),特惠專區,多件組優惠,frozen,冷凍食材,frozen-seafood,安心水產,0.95,原始分類為「特惠專區 / 多件組優惠」，商品名稱含水產或海鮮食材關鍵字,false,"activity-bundle,activity-promo","多件組優惠,特惠專區"
11973,08340,智利鮭魚輪切(S)(200g)(10件組),特惠專區,多件組優惠,frozen,冷凍食材,frozen-seafood,安心水產,0.95,原始分類為「特惠專區 / 多件組優惠」，商品名稱含水產或海鮮食材關鍵字,false,"activity-bundle,activity-promo","多件組優惠,特惠專區"
11695,083347,海陸豪華食材組A,特惠專區,多件組優惠,frozen,冷凍食材,frozen-seafood,安心水產,0.95,原始分類為「特惠專區 / 多件組優惠」，商品名稱含水產或海鮮食材關鍵字,false,"activity-bundle,activity-promo","多件組優惠,特惠專區"
11696,083357,海陸豪華食材組B,特惠專區,多件組優惠,frozen,冷凍食材,frozen-seafood,安心水產,0.95,原始分類為「特惠專區 / 多件組優惠」，商品名稱含水產或海鮮食材關鍵字,false,"activity-bundle,activity-promo","多件組優惠,特惠專區"
12137,083359,藻晨雞全雞組合,特惠專區,多件組優惠,frozen,冷凍食材,frozen-ready,即食調理,0.9,原始分類為「特惠專區 / 多件組優惠」，商品名稱或配送資訊顯示為冷凍食材/調理品,false,"activity-bundle,activity-promo","多件組優惠,特惠專區"
9550,01151,果然優綜合堅果(6件組),特惠專區,多件組優惠,nuts,堅果/果乾,nuts-mixed,堅果,0.94,原始分類為「特惠專區 / 多件組優惠」，商品名稱含堅果品項關鍵字,false,"activity-bundle,activity-promo","多件組優惠,特惠專區"
9549,01161,果然優全堅果(6件組),特惠專區,多件組優惠,nuts,堅果/果乾,nuts-mixed,堅果,0.94,原始分類為「特惠專區 / 多件組優惠」，商品名稱含堅果品項關鍵字,false,"activity-bundle,activity-promo","多件組優惠,特惠專區"
12641,18012,有機甘栗(6件組),特惠專區,多件組優惠,nuts,堅果/果乾,nuts-dried-fruits,果乾,0.92,原始分類為「特惠專區 / 多件組優惠」，商品名稱含果乾、栗子、紅棗或枸杞關鍵字,false,"activity-bundle,activity-promo","多件組優惠,特惠專區"
8380,18051,甘栗(6件組),特惠專區,多件組優惠,nuts,堅果/果乾,nuts-dried-fruits,果乾,0.92,原始分類為「特惠專區 / 多件組優惠」，商品名稱含果乾、栗子、紅棗或枸杞關鍵字,false,"activity-bundle,activity-promo","多件組優惠,特惠專區"
9051,17020,有機大紅棗(3件組)(超取免運),特惠專區,多件組優惠,nuts,堅果/果乾,nuts-dried-fruits,果乾,0.92,原始分類為「特惠專區 / 多件組優惠」，商品名稱含果乾、栗子、紅棗或枸杞關鍵字,false,"activity-bundle,activity-promo","多件組優惠,特惠專區"
9054,17002,有機枸杞(3件組)(超取免運),特惠專區,多件組優惠,nuts,堅果/果乾,nuts-dried-fruits,果乾,0.92,原始分類為「特惠專區 / 多件組優惠」，商品名稱含果乾、栗子、紅棗或枸杞關鍵字,false,"activity-bundle,activity-promo","多件組優惠,特惠專區"
8768,1700212,有機枸杞(2件)+有機大紅棗(2件),特惠專區,多件組優惠,nuts,堅果/果乾,nuts-dried-fruits,果乾,0.92,原始分類為「特惠專區 / 多件組優惠」，商品名稱含果乾、栗子、紅棗或枸杞關鍵字,false,"activity-bundle,activity-promo","多件組優惠,特惠專區"
12644,17053,有機枸杞原汁350ml(瓶)(6件組),特惠專區,多件組優惠,elderly,銀髮專區,elderly-drinks,喝的保養,0.9,原始分類為「特惠專區 / 多件組優惠」，商品名稱屬於喝的營養補給品,false,"activity-bundle,activity-promo","多件組優惠,特惠專區"
12642,02060,有機白米(6件組),特惠專區,多件組優惠,grains,主食雜糧,grains-rice,米,0.9,原始分類為「特惠專區 / 多件組優惠」，商品名稱含米類關鍵字,false,"activity-bundle,activity-promo","多件組優惠,特惠專區"
12643,02058,有機糙米(6件組),特惠專區,多件組優惠,grains,主食雜糧,grains-rice,米,0.9,原始分類為「特惠專區 / 多件組優惠」，商品名稱含米類關鍵字,false,"activity-bundle,activity-promo","多件組優惠,特惠專區"
12651,25398,醇厚黑芝麻餅MINI(30公克*8包/盒)(6件組),特惠專區,多件組優惠,snacks,樂活零嘴,,,0.82,原始分類為「特惠專區 / 多件組優惠」，商品名稱屬於零嘴、餅乾或點心,false,"activity-bundle,activity-promo","多件組優惠,特惠專區"
12649,25385,醇厚黑芝麻餅(6件組),特惠專區,多件組優惠,snacks,樂活零嘴,,,0.82,原始分類為「特惠專區 / 多件組優惠」，商品名稱屬於零嘴、餅乾或點心,false,"activity-bundle,activity-promo","多件組優惠,特惠專區"
12647,25372,燕麥起司蘇打餅(6件組),特惠專區,多件組優惠,grains,主食雜糧,grains-cereal,雜糧,0.88,原始分類為「特惠專區 / 多件組優惠」，商品名稱含燕麥或雜糧關鍵字,false,"activity-bundle,activity-promo","多件組優惠,特惠專區"
12646,25370,紅藜紫菜蘇打餅(6件組),特惠專區,多件組優惠,snacks,樂活零嘴,,,0.82,原始分類為「特惠專區 / 多件組優惠」，商品名稱屬於零嘴、餅乾或點心,false,"activity-bundle,activity-promo","多件組優惠,特惠專區"
12648,25382,義式椒鹽蘇打餅(6件組),特惠專區,多件組優惠,snacks,樂活零嘴,,,0.82,原始分類為「特惠專區 / 多件組優惠」，商品名稱屬於零嘴、餅乾或點心,false,"activity-bundle,activity-promo","多件組優惠,特惠專區"
12650,25395,醇厚鮮乳薄餅(6件組),特惠專區,多件組優惠,snacks,樂活零嘴,,,0.82,原始分類為「特惠專區 / 多件組優惠」，商品名稱屬於零嘴、餅乾或點心,false,"activity-bundle,activity-promo","多件組優惠,特惠專區"
7853,2549710,亞麻仁海鹽蘇打餅-蕎麥原味(6件組),特惠專區,多件組優惠,snacks,樂活零嘴,,,0.82,原始分類為「特惠專區 / 多件組優惠」，商品名稱屬於零嘴、餅乾或點心,false,"activity-bundle,activity-promo","多件組優惠,特惠專區"
7854,2549810,亞麻仁海鹽蘇打餅-蕎麥青蔥(6件組),特惠專區,多件組優惠,snacks,樂活零嘴,,,0.82,原始分類為「特惠專區 / 多件組優惠」，商品名稱屬於零嘴、餅乾或點心,false,"activity-bundle,activity-promo","多件組優惠,特惠專區"
7855,25499,亞麻仁海鹽蘇打餅-蕎麥椒鹽(6件組),特惠專區,多件組優惠,snacks,樂活零嘴,,,0.82,原始分類為「特惠專區 / 多件組優惠」，商品名稱屬於零嘴、餅乾或點心,false,"activity-bundle,activity-promo","多件組優惠,特惠專區"
12390,25360,梅精球(6件組),特惠專區,多件組優惠,supplements,保健食品,,,0.88,原始分類為「特惠專區 / 多件組優惠」，商品名稱含保健食品或營養補給關鍵字,false,"activity-bundle,activity-promo","多件組優惠,特惠專區"
12366,25860,海鹽檸檬糖(盒裝)(6件組),特惠專區,多件組優惠,snacks,樂活零嘴,,,0.82,原始分類為「特惠專區 / 多件組優惠」，商品名稱屬於零嘴、餅乾或點心,false,"activity-bundle,activity-promo","多件組優惠,特惠專區"
12645,25207,小麥胚芽餅(6件組),特惠專區,多件組優惠,grains,主食雜糧,grains-cereal,雜糧,0.88,原始分類為「特惠專區 / 多件組優惠」，商品名稱含燕麥或雜糧關鍵字,false,"activity-bundle,activity-promo","多件組優惠,特惠專區"
7295,25119,岩海苔(6件組),特惠專區,多件組優惠,snacks,樂活零嘴,,,0.82,原始分類為「特惠專區 / 多件組優惠」，商品名稱屬於零嘴、餅乾或點心,false,"activity-bundle,activity-promo","多件組優惠,特惠專區"
7833,25519,彩虹藜麥乳酪餅(6件組),特惠專區,多件組優惠,grains,主食雜糧,grains-cereal,雜糧,0.88,原始分類為「特惠專區 / 多件組優惠」，商品名稱含燕麥或雜糧關鍵字,false,"activity-bundle,activity-promo","多件組優惠,特惠專區"
12916,012521,無花果乾*(商品效期2026/11/1),特惠專區,惜福區,nuts,堅果/果乾,nuts-dried-fruits,果乾,0.92,原始分類為「特惠專區 / 惜福區」，商品名稱含果乾、栗子、紅棗或枸杞關鍵字,false,"activity-surplus,activity-promo","惜福區,特惠專區"
12897,180521,甘栗(70G)*(商品效期2027/3/29),特惠專區,惜福區,nuts,堅果/果乾,nuts-dried-fruits,果乾,0.92,原始分類為「特惠專區 / 惜福區」，商品名稱含果乾、栗子、紅棗或枸杞關鍵字,false,"activity-surplus,activity-promo","惜福區,特惠專區"
12896,012731,無調味堅果42公克*(商品效期2026/12/15),特惠專區,惜福區,nuts,堅果/果乾,nuts-mixed,堅果,0.94,原始分類為「特惠專區 / 惜福區」，商品名稱含堅果品項關鍵字,false,"activity-surplus,activity-promo","惜福區,特惠專區"
12895,012101,原味綜合堅果隨手包*(商品效期2026/11/1),特惠專區,惜福區,nuts,堅果/果乾,nuts-mixed,堅果,0.94,原始分類為「特惠專區 / 惜福區」，商品名稱含堅果品項關鍵字,false,"activity-surplus,activity-promo","惜福區,特惠專區"
12880,220961,酪梨油*(2件組)(商品效期2027/6/14),特惠專區,惜福區,pantry,廚房料理品,pantry-oil,油品,0.92,原始分類為「特惠專區 / 惜福區」，商品名稱含油品關鍵字,false,"activity-surplus,activity-promo","惜福區,特惠專區"
12781,011681,果然優有機杏仁*(商品效期2026/11/19),特惠專區,惜福區,nuts,堅果/果乾,nuts-mixed,堅果,0.94,原始分類為「特惠專區 / 惜福區」，商品名稱含堅果品項關鍵字,false,"activity-surplus,activity-promo","惜福區,特惠專區"
12845,262281,枸杞晶凍(金盞花葉黃素萃取物)*兩件組(商品效期2027/2/12),特惠專區,惜福區,supplements,保健食品,,,0.88,原始分類為「特惠專區 / 惜福區」，商品名稱含保健食品或營養補給關鍵字,false,"activity-surplus,activity-promo","惜福區,特惠專區"
12838,249511,杏仁堅果飲*(箱)免運(商品效期2026/11/24),特惠專區,惜福區,beverage,即飲/沖泡,beverage-ready,即飲,0.92,原始分類為「特惠專區 / 惜福區」，商品名稱含即飲或箱裝飲品關鍵字,false,"activity-surplus,activity-promo","惜福區,特惠專區"
12836,248211,黑芝麻糙米飲*(箱)(免運)(商品效期2026/11/12),特惠專區,惜福區,beverage,即飲/沖泡,beverage-ready,即飲,0.92,原始分類為「特惠專區 / 惜福區」，商品名稱含即飲或箱裝飲品關鍵字,false,"activity-surplus,activity-promo","惜福區,特惠專區"
12835,248111,有機燕麥豆漿*(箱)(免運)(商品效期2026/10/21),特惠專區,惜福區,beverage,即飲/沖泡,beverage-ready,即飲,0.92,原始分類為「特惠專區 / 惜福區」，商品名稱含即飲或箱裝飲品關鍵字,false,"activity-surplus,activity-promo","惜福區,特惠專區"
12834,012001,台灣芒果乾*(商品效期2026/11/5),特惠專區,惜福區,nuts,堅果/果乾,nuts-dried-fruits,果乾,0.92,原始分類為「特惠專區 / 惜福區」，商品名稱含果乾、栗子、紅棗或枸杞關鍵字,false,"activity-surplus,activity-promo","惜福區,特惠專區"
12833,371961,悠活果乾禮盒(葡萄乾400g+蜜棗乾400g+蔓越莓乾360g)(超取免運)(商品效期2026/11/26),特惠專區,惜福區,nuts,堅果/果乾,nuts-dried-fruits,果乾,0.92,原始分類為「特惠專區 / 惜福區」，商品名稱含果乾、栗子、紅棗或枸杞關鍵字,false,"activity-surplus,activity-promo","惜福區,特惠專區"
12795,253921,海苔薄切洋芋片(商品效期2026/10/11),特惠專區,惜福區,snacks,樂活零嘴,,,0.82,原始分類為「特惠專區 / 惜福區」，商品名稱屬於零嘴、餅乾或點心,false,"activity-surplus,activity-promo","惜福區,特惠專區"
12793,012421,原味腰果隨手包*(商品效期2026/10/1),特惠專區,惜福區,nuts,堅果/果乾,nuts-mixed,堅果,0.94,原始分類為「特惠專區 / 惜福區」，商品名稱含堅果品項關鍵字,false,"activity-surplus,activity-promo","惜福區,特惠專區"
12773,012531,杏桃乾*(商品效期2026/9/10),特惠專區,惜福區,nuts,堅果/果乾,nuts-dried-fruits,果乾,0.92,原始分類為「特惠專區 / 惜福區」，商品名稱含果乾、栗子、紅棗或枸杞關鍵字,false,"activity-surplus,activity-promo","惜福區,特惠專區"
12731,254991,亞麻仁海鹽蘇打餅-蕎麥椒鹽*(商品效期2026/10/2),特惠專區,惜福區,snacks,樂活零嘴,,,0.82,原始分類為「特惠專區 / 惜福區」，商品名稱屬於零嘴、餅乾或點心,false,"activity-surplus,activity-promo","惜福區,特惠專區"
12730,255221,茄汁脆薯*(商品效期2026/11/17),特惠專區,惜福區,snacks,樂活零嘴,,,0.82,原始分類為「特惠專區 / 惜福區」，商品名稱屬於零嘴、餅乾或點心,false,"activity-surplus,activity-promo","惜福區,特惠專區"
12520,011591,果然優蔓越莓乾(罐)*(商品效期2027/1/5),特惠專區,惜福區,nuts,堅果/果乾,nuts-dried-fruits,果乾,0.92,原始分類為「特惠專區 / 惜福區」，商品名稱含果乾、栗子、紅棗或枸杞關鍵字,false,"activity-surplus,activity-promo","惜福區,特惠專區"
12638,012681,珍饌開心果*(商品效期2026/8/27),特惠專區,惜福區,nuts,堅果/果乾,nuts-mixed,堅果,0.94,原始分類為「特惠專區 / 惜福區」，商品名稱含堅果品項關鍵字,false,"activity-surplus,activity-promo","惜福區,特惠專區"
12635,011611,果然優全堅果*(商品效期2026/12/3),特惠專區,惜福區,nuts,堅果/果乾,nuts-mixed,堅果,0.94,原始分類為「特惠專區 / 惜福區」，商品名稱含堅果品項關鍵字,false,"activity-surplus,activity-promo","惜福區,特惠專區"
12598,012761,薄鹽全堅果(65公克)*(商品效期2026/10/31),特惠專區,惜福區,nuts,堅果/果乾,nuts-mixed,堅果,0.94,原始分類為「特惠專區 / 惜福區」，商品名稱含堅果品項關鍵字,false,"activity-surplus,activity-promo","惜福區,特惠專區"
12557,253661,梅精球45G(袋裝)*(商品效期2026/10/20),特惠專區,惜福區,supplements,保健食品,,,0.88,原始分類為「特惠專區 / 惜福區」，商品名稱含保健食品或營養補給關鍵字,false,"activity-surplus,activity-promo","惜福區,特惠專區"
12415,37360,每日堅果(超取免運),健康伴手禮,健康伴手禮,nuts,堅果/果乾,nuts-mixed,堅果,0.94,原始分類為「健康伴手禮 / 健康伴手禮」，商品名稱含堅果品項關鍵字,false,activity-gift,健康伴手禮
12179,37362,活力點心包,健康伴手禮,健康伴手禮,snacks,樂活零嘴,,,0.82,原始分類為「健康伴手禮 / 健康伴手禮」，商品名稱屬於零嘴、餅乾或點心,false,activity-gift,健康伴手禮
10061,39145,新鮮直送-加拿大有機櫻桃(1公斤)(預購商品，缺貨或延遲供貨將會修改訂單),生鮮直送,新鮮水果,fresh,生鮮直送,fresh-fruits,新鮮水果,0.98,舊站公開分類為「生鮮直送 / 新鮮水果」，直接對應新版分類,false,,
12046,39319,新鮮直送－紐西蘭有機天后蘋果經濟箱(預購商品，缺貨或延遲供貨將會修改訂單),生鮮直送,新鮮水果,fresh,生鮮直送,fresh-fruits,新鮮水果,0.98,舊站公開分類為「生鮮直送 / 新鮮水果」，直接對應新版分類,false,,
7622,39082,新鮮直送-紐西蘭有機富士蘋果經濟箱,生鮮直送,新鮮水果,fresh,生鮮直送,fresh-fruits,新鮮水果,0.98,舊站公開分類為「生鮮直送 / 新鮮水果」，直接對應新版分類,false,,
10610,39099,新鮮直送-亞植有機鮮有蛋蔬菜箱(缺貨或延遲供貨將會修改訂單),生鮮直送,蛋品/根莖/蔬果套餐,fresh,生鮮直送,fresh-produce-box,蛋品/根莖/蔬果套餐,0.98,舊站公開分類為「生鮮直送 / 蛋品/根莖/蔬果套餐」，直接對應新版分類,false,,
9277,12105,牧場直送-御品園彩色放牧蛋(10顆x4盒/箱)(缺貨或延遲供貨將會修改訂單),生鮮直送,蛋品/根莖/蔬果套餐,fresh,生鮮直送,fresh-produce-box,蛋品/根莖/蔬果套餐,0.98,舊站公開分類為「生鮮直送 / 蛋品/根莖/蔬果套餐」，直接對應新版分類,false,,
11914,55040,新鮮直送-起士公爵純粹原味乳酪蛋糕(6吋)兩盒組(含運),生鮮直送,優選蛋糕,fresh,生鮮直送,fresh-cake,優選蛋糕,0.98,舊站公開分類為「生鮮直送 / 優選蛋糕」，直接對應新版分類,false,,
10778,55040,新鮮直送-起士公爵純粹原味乳酪蛋糕(6吋)含運,生鮮直送,優選蛋糕,fresh,生鮮直送,fresh-cake,優選蛋糕,0.98,舊站公開分類為「生鮮直送 / 優選蛋糕」，直接對應新版分類,false,,
12894,08329,智利鮭魚輪切M(250g)10件組(商品效期2026/10/01),冷凍食材,冷凍限時快閃,frozen,冷凍食材,frozen-flash,冷凍限時快閃,0.98,舊站公開分類為「冷凍食材 / 冷凍限時快閃」，直接對應新版分類,false,activity-flash,限時優惠快閃區
12617,08329,智利鮭魚輪切M(250g)(商品效期2026/10/01),冷凍食材,冷凍限時快閃,frozen,冷凍食材,frozen-flash,冷凍限時快閃,0.98,舊站公開分類為「冷凍食材 / 冷凍限時快閃」，直接對應新版分類,false,activity-flash,限時優惠快閃區
12893,08340,智利鮭魚輪切(S)(200g)(10件組)(商品效期2026/10/01),冷凍食材,冷凍限時快閃,frozen,冷凍食材,frozen-flash,冷凍限時快閃,0.98,舊站公開分類為「冷凍食材 / 冷凍限時快閃」，直接對應新版分類,false,activity-flash,限時優惠快閃區
11981,083347,海陸豪華食材組A,冷凍食材,安心肉品,frozen,冷凍食材,frozen-meat,安心肉品,0.98,舊站公開分類為「冷凍食材 / 安心肉品」，直接對應新版分類,false,,
11983,083357,海陸豪華食材組B,冷凍食材,安心肉品,frozen,冷凍食材,frozen-meat,安心肉品,0.98,舊站公開分類為「冷凍食材 / 安心肉品」，直接對應新版分類,false,,
12768,08004,豬梅花火鍋肉片(6件組),冷凍食材,安心肉品,frozen,冷凍食材,frozen-meat,安心肉品,0.98,舊站公開分類為「冷凍食材 / 安心肉品」，直接對應新版分類,false,,
12769,08080,金目鱸魚片(6件組),冷凍食材,安心水產,frozen,冷凍食材,frozen-seafood,安心水產,0.98,舊站公開分類為「冷凍食材 / 安心水產」，直接對應新版分類,false,,
12772,08331,鹽漬鯖魚片(6件組),冷凍食材,安心水產,frozen,冷凍食材,frozen-seafood,安心水產,0.98,舊站公開分類為「冷凍食材 / 安心水產」，直接對應新版分類,false,,
12770,08318,大比目魚(扁鱈)中段(6件組),冷凍食材,安心水產,frozen,冷凍食材,frozen-seafood,安心水產,0.98,舊站公開分類為「冷凍食材 / 安心水產」，直接對應新版分類,false,,
12220,08298,蔥油土雞腿,冷凍食材,即食調理,frozen,冷凍食材,frozen-ready,即食調理,0.98,舊站公開分類為「冷凍食材 / 即食調理」，直接對應新版分類,false,,
12145,08296,蔥油雞胸(2件組),冷凍食材,即食調理,frozen,冷凍食材,frozen-ready,即食調理,0.98,舊站公開分類為「冷凍食材 / 即食調理」，直接對應新版分類,false,,
11955,08296,蔥油雞胸,冷凍食材,即食調理,frozen,冷凍食材,frozen-ready,即食調理,0.98,舊站公開分類為「冷凍食材 / 即食調理」，直接對應新版分類,false,,
12525,08533,古早味豬排,冷凍食材,快速料理,frozen,冷凍食材,frozen-quick-cook,快速料理,0.98,舊站公開分類為「冷凍食材 / 快速料理」，直接對應新版分類,false,,
12096,08297,香蒜豬排,冷凍食材,快速料理,frozen,冷凍食材,frozen-quick-cook,快速料理,0.98,舊站公開分類為「冷凍食材 / 快速料理」，直接對應新版分類,false,,
12479,08304,韭菜鮮肉水餃,冷凍食材,快速料理,frozen,冷凍食材,frozen-quick-cook,快速料理,0.98,舊站公開分類為「冷凍食材 / 快速料理」，直接對應新版分類,false,,
11927,08295,瓜瓜園 冰烤蕃薯,冷凍食材,蔬食,frozen,冷凍食材,frozen-vegetarian,蔬食,0.98,舊站公開分類為「冷凍食材 / 蔬食」，直接對應新版分類,false,,
10851,55200,天時莓果-冷凍野生藍莓,冷凍食材,蔬食,frozen,冷凍食材,frozen-vegetarian,蔬食,0.98,舊站公開分類為「冷凍食材 / 蔬食」，直接對應新版分類,false,,
10849,55199,天時莓果-冷凍栽種藍莓,冷凍食材,蔬食,frozen,冷凍食材,frozen-vegetarian,蔬食,0.98,舊站公開分類為「冷凍食材 / 蔬食」，直接對應新版分類,false,,
11937,08295,瓜瓜園 冰烤蕃薯,冷凍食材,營養早餐,frozen,冷凍食材,frozen-breakfast,營養早餐,0.98,舊站公開分類為「冷凍食材 / 營養早餐」，直接對應新版分類,false,,
10107,55143,鮮奶小饅頭,冷凍食材,營養早餐,frozen,冷凍食材,frozen-breakfast,營養早餐,0.98,舊站公開分類為「冷凍食材 / 營養早餐」，直接對應新版分類,false,,
10044,55144,老麵枸杞黑糖饅頭,冷凍食材,營養早餐,frozen,冷凍食材,frozen-breakfast,營養早餐,0.98,舊站公開分類為「冷凍食材 / 營養早餐」，直接對應新版分類,false,,
12797,01269,珍饌四果,堅果/果乾,堅果,nuts,堅果/果乾,nuts-mixed,堅果,0.98,舊站公開分類為「堅果/果乾 / 堅果」，直接對應新版分類,false,,
12796,01270,楓糖腰果,堅果/果乾,堅果,nuts,堅果/果乾,nuts-mixed,堅果,0.98,舊站公開分類為「堅果/果乾 / 堅果」，直接對應新版分類,false,,
12701,01273,無調味堅果42公克,堅果/果乾,堅果,nuts,堅果/果乾,nuts-mixed,堅果,0.98,舊站公開分類為「堅果/果乾 / 堅果」，直接對應新版分類,false,,
4472,01155,果然優葡萄乾(罐),堅果/果乾,果乾,nuts,堅果/果乾,nuts-dried-fruits,果乾,0.98,舊站公開分類為「堅果/果乾 / 果乾」，直接對應新版分類,false,,
4473,01157,果然優蜜棗乾(罐),堅果/果乾,果乾,nuts,堅果/果乾,nuts-dried-fruits,果乾,0.98,舊站公開分類為「堅果/果乾 / 果乾」，直接對應新版分類,false,,
4310,01153,有機整顆蔓越莓乾,堅果/果乾,果乾,nuts,堅果/果乾,nuts-dried-fruits,果乾,0.98,舊站公開分類為「堅果/果乾 / 果乾」，直接對應新版分類,false,,
12843,25865,海鹽檸檬糖25Ｇ(袋裝) 6件組,樂活零嘴,樂活零嘴,snacks,樂活零嘴,,,0.82,原始分類為「樂活零嘴 / 樂活零嘴」，商品名稱屬於零嘴、餅乾或點心,false,,
10453,25385,醇厚黑芝麻餅,樂活零嘴,樂活零嘴,snacks,樂活零嘴,,,0.82,原始分類為「樂活零嘴 / 樂活零嘴」，商品名稱屬於零嘴、餅乾或點心,false,,
12469,25398,醇厚黑芝麻餅MINI(30公克*8包/盒),樂活零嘴,樂活零嘴,snacks,樂活零嘴,,,0.82,原始分類為「樂活零嘴 / 樂活零嘴」，商品名稱屬於零嘴、餅乾或點心,false,,
549,02060,有機白米,主食雜糧,米,grains,主食雜糧,grains-rice,米,0.98,舊站公開分類為「主食雜糧 / 米」，直接對應新版分類,false,,
548,02058,有機糙米,主食雜糧,米,grains,主食雜糧,grains-rice,米,0.98,舊站公開分類為「主食雜糧 / 米」，直接對應新版分類,false,,
550,02008,有機小米,主食雜糧,米,grains,主食雜糧,grains-rice,米,0.98,舊站公開分類為「主食雜糧 / 米」，直接對應新版分類,false,,
8135,02137,有機紅藜麥,主食雜糧,雜糧,grains,主食雜糧,grains-cereal,雜糧,0.98,舊站公開分類為「主食雜糧 / 雜糧」，直接對應新版分類,false,,
8133,02138,有機三色藜麥(300G),主食雜糧,雜糧,grains,主食雜糧,grains-cereal,雜糧,0.98,舊站公開分類為「主食雜糧 / 雜糧」，直接對應新版分類,false,,
8134,02139,有機奇亞籽,主食雜糧,雜糧,grains,主食雜糧,grains-cereal,雜糧,0.98,舊站公開分類為「主食雜糧 / 雜糧」，直接對應新版分類,false,,
5964,03115,有機薑黃麵線,主食雜糧,麵條,grains,主食雜糧,grains-noodles,麵條,0.98,舊站公開分類為「主食雜糧 / 麵條」，直接對應新版分類,false,,
7439,03116,有機薑黃麵線(箱),主食雜糧,麵條,grains,主食雜糧,grains-noodles,麵條,0.98,舊站公開分類為「主食雜糧 / 麵條」，直接對應新版分類,false,,
2866,03098,有機家常麵條,主食雜糧,麵條,grains,主食雜糧,grains-noodles,麵條,0.98,舊站公開分類為「主食雜糧 / 麵條」，直接對應新版分類,false,,
6221,04060,有機綠豆(380G),主食雜糧,豆類,grains,主食雜糧,grains-beans,豆類,0.98,舊站公開分類為「主食雜糧 / 豆類」，直接對應新版分類,false,,
8700,04065,有機青仁黑豆,主食雜糧,豆類,grains,主食雜糧,grains-beans,豆類,0.98,舊站公開分類為「主食雜糧 / 豆類」，直接對應新版分類,false,,
6218,04059,有機黃豆,主食雜糧,豆類,grains,主食雜糧,grains-beans,豆類,0.98,舊站公開分類為「主食雜糧 / 豆類」，直接對應新版分類,false,,
12839,23240,Coco dee Salam 椰子水(6件組),即飲/沖泡,即飲,beverage,即飲/沖泡,beverage-ready,即飲,0.98,舊站公開分類為「即飲/沖泡 / 即飲」，直接對應新版分類,false,,
10883,23240,Coco dee Salam 椰子水,即飲/沖泡,即飲,beverage,即飲/沖泡,beverage-ready,即飲,0.98,舊站公開分類為「即飲/沖泡 / 即飲」，直接對應新版分類,false,,
10902,23241,Coco dee Salam 椰子水(12入/箱),即飲/沖泡,即飲,beverage,即飲/沖泡,beverage-ready,即飲,0.98,舊站公開分類為「即飲/沖泡 / 即飲」，直接對應新版分類,false,,
12398,24274,有機高纖高鈣亞麻仁堅果粉(袋),即飲/沖泡,沖泡,beverage,即飲/沖泡,beverage-brew,沖泡,0.98,舊站公開分類為「即飲/沖泡 / 沖泡」，直接對應新版分類,false,,
12397,24284,葡萄糖胺黑榖芝麻粉(袋),即飲/沖泡,沖泡,beverage,即飲/沖泡,beverage-brew,沖泡,0.98,舊站公開分類為「即飲/沖泡 / 沖泡」，直接對應新版分類,false,,
8577,24270,有機高纖高鈣亞麻仁堅果粉(1組贈精美提袋x1),即飲/沖泡,沖泡,beverage,即飲/沖泡,beverage-brew,沖泡,0.98,舊站公開分類為「即飲/沖泡 / 沖泡」，直接對應新版分類,false,,
9898,22094,冷壓初榨橄欖油,廚房料理品,油品,pantry,廚房料理品,pantry-oil,油品,0.98,舊站公開分類為「廚房料理品 / 油品」，直接對應新版分類,false,,
9895,22096,酪梨油,廚房料理品,油品,pantry,廚房料理品,pantry-oil,油品,0.98,舊站公開分類為「廚房料理品 / 油品」，直接對應新版分類,false,,
9894,22097,葵花籽油,廚房料理品,油品,pantry,廚房料理品,pantry-oil,油品,0.98,舊站公開分類為「廚房料理品 / 油品」，直接對應新版分類,false,,
4412,20423,日曬海鹽立袋450G,廚房料理品,調味品,pantry,廚房料理品,pantry-seasoning,調味品,0.98,舊站公開分類為「廚房料理品 / 調味品」，直接對應新版分類,false,,
5825,20457,日曬海鹽2公斤,廚房料理品,調味品,pantry,廚房料理品,pantry-seasoning,調味品,0.98,舊站公開分類為「廚房料理品 / 調味品」，直接對應新版分類,false,,
4387,20427,日曬海鹽（小罐）,廚房料理品,調味品,pantry,廚房料理品,pantry-seasoning,調味品,0.98,舊站公開分類為「廚房料理品 / 調味品」，直接對應新版分類,false,,
2077,17002,有機枸杞,廚房料理品,乾貨,pantry,廚房料理品,pantry-dry-goods,乾貨,0.98,舊站公開分類為「廚房料理品 / 乾貨」，直接對應新版分類,false,,
8583,17002,有機枸杞(3件組)(超取免運),廚房料理品,乾貨,pantry,廚房料理品,pantry-dry-goods,乾貨,0.98,舊站公開分類為「廚房料理品 / 乾貨」，直接對應新版分類,false,,
864,17020,有機大紅棗,廚房料理品,乾貨,pantry,廚房料理品,pantry-dry-goods,乾貨,0.98,舊站公開分類為「廚房料理品 / 乾貨」，直接對應新版分類,false,,
12807,55913,【限量】Tefal法國特福巧變精靈系列6件組—奶茶粉(IH爐/電磁爐適用),廚房料理品,鍋具用品,pantry,廚房料理品,pantry-cookware,鍋具用品,0.98,舊站公開分類為「廚房料理品 / 鍋具用品」，直接對應新版分類,false,,
8692,17048,有機枸杞原汁(10件組),保健食品,保健食品,supplements,保健食品,,,0.98,舊站公開分類為「保健食品 / 保健食品」，直接對應新版分類,false,,
8409,17048,有機枸杞原汁,保健食品,保健食品,supplements,保健食品,,,0.98,舊站公開分類為「保健食品 / 保健食品」，直接對應新版分類,false,,
9976,17053,有機枸杞原汁350ml(瓶),保健食品,保健食品,supplements,保健食品,,,0.98,舊站公開分類為「保健食品 / 保健食品」，直接對應新版分類,false,,
11910,33132,太生利純淨液態皂-草之氣2.0(贈送潤膚乳60ml一瓶或潔膚巾一個或蘆薈膠一瓶、贈品隨機贈送恕無法指定),生活日用,個人清潔,daily,生活日用,daily-personal-care,個人清潔,0.98,舊站公開分類為「生活日用 / 個人清潔」，直接對應新版分類,false,,
8034,33126,太生利純淨液態皂─木之氣(贈送潤膚乳60ml一瓶或潔膚巾一個或蘆薈膠一瓶、贈品隨機贈送恕無法指定),生活日用,個人清潔,daily,生活日用,daily-personal-care,個人清潔,0.98,舊站公開分類為「生活日用 / 個人清潔」，直接對應新版分類,false,,
8035,33127,太生利純淨液態皂─果之氣(贈送潤膚乳60ml一瓶或潔膚巾一個或蘆薈膠一瓶、贈品隨機贈送恕無法指定),生活日用,個人清潔,daily,生活日用,daily-personal-care,個人清潔,0.98,舊站公開分類為「生活日用 / 個人清潔」，直接對應新版分類,false,,
6952,33121,無磷濃縮洗碗精 (朝露柑橘),生活日用,居家用品,daily,生活日用,daily-home,居家用品,0.98,舊站公開分類為「生活日用 / 居家用品」，直接對應新版分類,false,,
7598,33125,無磷濃縮洗碗精(朝露柑橘)12入箱,生活日用,居家用品,daily,生活日用,daily-home,居家用品,0.98,舊站公開分類為「生活日用 / 居家用品」，直接對應新版分類,false,,
12032,02152,有機大燕麥片(400g),銀髮專區,方便早餐,elderly,銀髮專區,elderly-breakfast,方便早餐,0.98,舊站公開分類為「銀髮專區 / 方便早餐」，直接對應新版分類,false,,
12031,02153,有機細燕麥片(400g),銀髮專區,方便早餐,elderly,銀髮專區,elderly-breakfast,方便早餐,0.98,舊站公開分類為「銀髮專區 / 方便早餐」，直接對應新版分類,false,,
12030,02154,有機粗燕麥片(400g),銀髮專區,方便早餐,elderly,銀髮專區,elderly-breakfast,方便早餐,0.98,舊站公開分類為「銀髮專區 / 方便早餐」，直接對應新版分類,false,,
9412,08339,智利鮭魚輪切(L)(300g),銀髮專區,晚餐食材,elderly,銀髮專區,elderly-dinner,晚餐食材,0.98,舊站公開分類為「銀髮專區 / 晚餐食材」，直接對應新版分類,false,,
9411,08331,鹽漬鯖魚片,銀髮專區,晚餐食材,elderly,銀髮專區,elderly-dinner,晚餐食材,0.98,舊站公開分類為「銀髮專區 / 晚餐食材」，直接對應新版分類,false,,
12056,08156,韭黃鮮蝦水餃(2件組),銀髮專區,晚餐食材,elderly,銀髮專區,elderly-dinner,晚餐食材,0.98,舊站公開分類為「銀髮專區 / 晚餐食材」，直接對應新版分類,false,,
12758,08300,黃金蟲草烏骨雞湯,銀髮專區,滋補湯品,elderly,銀髮專區,elderly-soup,滋補湯品,0.98,舊站公開分類為「銀髮專區 / 滋補湯品」，直接對應新版分類,false,,
12757,08302,剝皮辣椒土雞湯,銀髮專區,滋補湯品,elderly,銀髮專區,elderly-soup,滋補湯品,0.98,舊站公開分類為「銀髮專區 / 滋補湯品」，直接對應新版分類,false,,
12756,08381,四神湯,銀髮專區,滋補湯品,elderly,銀髮專區,elderly-soup,滋補湯品,0.98,舊站公開分類為「銀髮專區 / 滋補湯品」，直接對應新版分類,false,,
9395,01151,果然優綜合堅果,銀髮專區,休閒點心,elderly,銀髮專區,elderly-snacks,休閒點心,0.98,舊站公開分類為「銀髮專區 / 休閒點心」，直接對應新版分類,false,,
9394,01161,果然優全堅果,銀髮專區,休閒點心,elderly,銀髮專區,elderly-snacks,休閒點心,0.98,舊站公開分類為「銀髮專區 / 休閒點心」，直接對應新版分類,false,,
9389,01176,葡萄乾(袋),銀髮專區,休閒點心,elderly,銀髮專區,elderly-snacks,休閒點心,0.98,舊站公開分類為「銀髮專區 / 休閒點心」，直接對應新版分類,false,,
9407,24270,有機高纖高鈣亞麻仁堅果粉(1組贈精美提袋x1),銀髮專區,喝的保養,elderly,銀髮專區,elderly-drinks,喝的保養,0.98,舊站公開分類為「銀髮專區 / 喝的保養」，直接對應新版分類,false,,
9406,24280,葡萄糖胺黑穀芝麻粉(1組贈精美提袋x1),銀髮專區,喝的保養,elderly,銀髮專區,elderly-drinks,喝的保養,0.98,舊站公開分類為「銀髮專區 / 喝的保養」，直接對應新版分類,false,,
9405,24265,細緻。純杏仁粉,銀髮專區,喝的保養,elderly,銀髮專區,elderly-drinks,喝的保養,0.98,舊站公開分類為「銀髮專區 / 喝的保養」，直接對應新版分類,false,,
9416,17048,有機枸杞原汁,銀髮專區,保健食品,elderly,銀髮專區,elderly-supplements,保健食品,0.98,舊站公開分類為「銀髮專區 / 保健食品」，直接對應新版分類,false,,
9415,26320,淨暢乳酸菌PLUS雙寡糖,銀髮專區,保健食品,elderly,銀髮專區,elderly-supplements,保健食品,0.98,舊站公開分類為「銀髮專區 / 保健食品」，直接對應新版分類,false,,
9413,26354,淨．益生菌,銀髮專區,保健食品,elderly,銀髮專區,elderly-supplements,保健食品,0.98,舊站公開分類為「銀髮專區 / 保健食品」，直接對應新版分類,false,,
